algorithm,function,seed_type,seed,best_f
RS,sphere,pilot,0,13.09077336341792
RS,sphere,pilot,1,12.504232808602634
RS,sphere,pilot,2,15.465882292452896
RS,sphere,pilot,3,13.853221685682847
RS,sphere,pilot,4,9.729372951027859
RS,sphere,final,100,13.971699733876603
RS,sphere,final,101,11.768000900968254
RS,sphere,final,102,16.675769832907424
RS,sphere,final,103,13.475923514951837
RS,sphere,final,104,9.886877825433409
RS,sphere,final,105,14.109695141723705
RS,sphere,final,106,11.463987908040005
RS,sphere,final,107,15.297950232335328
RS,sphere,final,108,12.551898761669236
RS,sphere,final,109,7.18620739467195
RS,sphere,final,110,13.754033293806616
RS,sphere,final,111,11.339785196103648
RS,sphere,final,112,8.285500202217818
RS,sphere,final,113,10.773642338815728
RS,sphere,final,114,8.849314694289683
RS,sphere,final,115,7.3335946620375445
RS,sphere,final,116,8.708092645924571
RS,sphere,final,117,13.66144368680696
RS,sphere,final,118,9.487059847563142
RS,sphere,final,119,8.63456887549172
HC,sphere,pilot,0,0.32404153055454704
HC,sphere,pilot,1,0.24679880007831304
HC,sphere,pilot,2,0.36990591462785954
HC,sphere,pilot,3,0.2808901268980393
HC,sphere,pilot,4,0.25692350238894135
HC,sphere,final,100,0.3666293598898468
HC,sphere,final,101,0.3939970910675312
HC,sphere,final,102,0.37750534820134396
HC,sphere,final,103,0.22196262282683574
HC,sphere,final,104,0.2566745125419881
HC,sphere,final,105,0.26072468938200744
HC,sphere,final,106,0.18113844577044458
HC,sphere,final,107,0.27380134603036244
HC,sphere,final,108,0.28782285315036493
HC,sphere,final,109,0.24961616016769958
HC,sphere,final,110,0.24568845839087577
HC,sphere,final,111,0.3022376015050828
HC,sphere,final,112,0.31104552924458523
HC,sphere,final,113,0.35371591610569114
HC,sphere,final,114,0.29255094082212973
HC,sphere,final,115,0.29759125674919995
HC,sphere,final,116,0.3112021304305461
HC,sphere,final,117,0.4180967084417591
HC,sphere,final,118,0.2677286651242241
HC,sphere,final,119,0.2577801051675571
SA,sphere,pilot,0,0.4855566941626947
SA,sphere,pilot,1,1.2498443382791757
SA,sphere,pilot,2,1.1866574898754505
SA,sphere,pilot,3,1.075091127911941
SA,sphere,pilot,4,1.5572854157625147
SA,sphere,final,100,0.716826926219123
SA,sphere,final,101,0.6889706627013286
SA,sphere,final,102,0.6814900759548871
SA,sphere,final,103,0.9766138260622599
SA,sphere,final,104,1.5127790822582363
SA,sphere,final,105,0.7202826814651001
SA,sphere,final,106,1.4623412914306086
SA,sphere,final,107,0.9627535979504872
SA,sphere,final,108,1.288969692461156
SA,sphere,final,109,0.633972677595977
SA,sphere,final,110,0.8514767420547416
SA,sphere,final,111,0.9910041876732267
SA,sphere,final,112,1.283195705196547
SA,sphere,final,113,1.5191533920780174
SA,sphere,final,114,0.8634534633172675
SA,sphere,final,115,1.1896510311832686
SA,sphere,final,116,0.79829009402409
SA,sphere,final,117,0.8690468904879503
SA,sphere,final,118,1.014704280038819
SA,sphere,final,119,0.826180118913843
ES,sphere,pilot,0,1.509898476339393
ES,sphere,pilot,1,1.45546561923751
ES,sphere,pilot,2,1.6878248392059365
ES,sphere,pilot,3,1.6533254900748033
ES,sphere,pilot,4,0.885594896707383
ES,sphere,final,100,1.5288926184152074
ES,sphere,final,101,0.6381814545047518
ES,sphere,final,102,1.8622997319933154
ES,sphere,final,103,1.515802388456885
ES,sphere,final,104,1.579038121866068
ES,sphere,final,105,1.8821836684687547
ES,sphere,final,106,1.1136830276029992
ES,sphere,final,107,1.2784213640030249
ES,sphere,final,108,2.1422615502743336
ES,sphere,final,109,2.1160183544259423
ES,sphere,final,110,1.102146189635597
ES,sphere,final,111,2.5616308142781468
ES,sphere,final,112,1.8703989083821349
ES,sphere,final,113,1.2316182363685488
ES,sphere,final,114,2.0695590691675596
ES,sphere,final,115,1.2556918013800562
ES,sphere,final,116,1.8403511459873627
ES,sphere,final,117,1.573995709323969
ES,sphere,final,118,2.20377280112739
ES,sphere,final,119,1.8907884029103532
GA,sphere,pilot,0,0.02321637508501323
GA,sphere,pilot,1,0.01615726294803339
GA,sphere,pilot,2,0.013354299054640334
GA,sphere,pilot,3,0.0059890695195809075
GA,sphere,pilot,4,0.021661421261364194
GA,sphere,final,100,0.013796939627544916
GA,sphere,final,101,0.017000204179805658
GA,sphere,final,102,0.015497815144469051
GA,sphere,final,103,0.0072958087135234885
GA,sphere,final,104,0.010304448688480291
GA,sphere,final,105,0.005595671151847975
GA,sphere,final,106,0.03166797946760646
GA,sphere,final,107,0.020624176390939015
GA,sphere,final,108,0.005948686003096356
GA,sphere,final,109,0.017453302874499213
GA,sphere,final,110,0.008555958406227773
GA,sphere,final,111,0.02460150307563911
GA,sphere,final,112,0.008159867597667887
GA,sphere,final,113,0.015768179233053223
GA,sphere,final,114,0.014835306148911029
GA,sphere,final,115,0.010629351257687845
GA,sphere,final,116,0.011536648794006545
GA,sphere,final,117,0.009252865099088061
GA,sphere,final,118,0.015856907262878257
GA,sphere,final,119,0.013422902477294529
RS,rastrigin,pilot,0,58.11698341501183
RS,rastrigin,pilot,1,66.10830973732847
RS,rastrigin,pilot,2,72.18557362254771
RS,rastrigin,pilot,3,66.60418041535827
RS,rastrigin,pilot,4,63.17862407946477
RS,rastrigin,final,100,76.11522304745984
RS,rastrigin,final,101,62.32739819121854
RS,rastrigin,final,102,62.82735307857739
RS,rastrigin,final,103,57.22913051703756
RS,rastrigin,final,104,59.93510674217546
RS,rastrigin,final,105,68.00775458626904
RS,rastrigin,final,106,58.29129015918771
RS,rastrigin,final,107,66.22860702279891
RS,rastrigin,final,108,70.65065877379789
RS,rastrigin,final,109,68.39304381951658
RS,rastrigin,final,110,65.52068843094389
RS,rastrigin,final,111,75.05735869328608
RS,rastrigin,final,112,50.965348788358355
RS,rastrigin,final,113,60.10924037060362
RS,rastrigin,final,114,62.16061526389195
RS,rastrigin,final,115,73.84487910615445
RS,rastrigin,final,116,65.28709288888524
RS,rastrigin,final,117,57.37234126866625
RS,rastrigin,final,118,67.41951424318228
RS,rastrigin,final,119,70.05886790353904
HC,rastrigin,pilot,0,53.4786956590531
HC,rastrigin,pilot,1,35.664446124809615
HC,rastrigin,pilot,2,63.61438431897715
HC,rastrigin,pilot,3,42.253889011016575
HC,rastrigin,pilot,4,60.86739805769508
HC,rastrigin,final,100,44.628955367570484
HC,rastrigin,final,101,53.29754566732361
HC,rastrigin,final,102,50.85326218085524
HC,rastrigin,final,103,62.97509334738561
HC,rastrigin,final,104,64.89397145634928
HC,rastrigin,final,105,49.78763278680895
HC,rastrigin,final,106,48.72250737857197
HC,rastrigin,final,107,59.334148739301085
HC,rastrigin,final,108,53.05201210241876
HC,rastrigin,final,109,54.95300155125981
HC,rastrigin,final,110,53.9646818449898
HC,rastrigin,final,111,55.1172081750702
HC,rastrigin,final,112,48.52879275859009
HC,rastrigin,final,113,59.37571571215661
HC,rastrigin,final,114,62.82624529773503
HC,rastrigin,final,115,57.48076476066044
HC,rastrigin,final,116,57.49892735952785
HC,rastrigin,final,117,52.22380074411947
HC,rastrigin,final,118,40.87965774128782
HC,rastrigin,final,119,55.20418117387255
SA,rastrigin,pilot,0,42.653633785447994
SA,rastrigin,pilot,1,50.34356886685382
SA,rastrigin,pilot,2,35.91095671083099
SA,rastrigin,pilot,3,52.9685962283212
SA,rastrigin,pilot,4,52.68054322758816
SA,rastrigin,final,100,49.01140698261531
SA,rastrigin,final,101,40.10262571932065
SA,rastrigin,final,102,39.748769737017525
SA,rastrigin,final,103,45.301075310656586
SA,rastrigin,final,104,43.57279038072806
SA,rastrigin,final,105,40.79359106666226
SA,rastrigin,final,106,43.20763909552367
SA,rastrigin,final,107,46.29678184849253
SA,rastrigin,final,108,38.40211396915827
SA,rastrigin,final,109,33.35391531875392
SA,rastrigin,final,110,42.21712761167082
SA,rastrigin,final,111,47.82876664988294
SA,rastrigin,final,112,43.358696823660374
SA,rastrigin,final,113,44.71195731490933
SA,rastrigin,final,114,43.374790902778805
SA,rastrigin,final,115,47.87677413184936
SA,rastrigin,final,116,50.86830071877757
SA,rastrigin,final,117,49.28427725171845
SA,rastrigin,final,118,35.9084992558374
SA,rastrigin,final,119,53.75692205212988
ES,rastrigin,pilot,0,38.597164016820024
ES,rastrigin,pilot,1,44.487442197094175
ES,rastrigin,pilot,2,36.41520952628163
ES,rastrigin,pilot,3,42.18327866304806
ES,rastrigin,pilot,4,34.417077449574336
ES,rastrigin,final,100,41.151663678718656
ES,rastrigin,final,101,34.181113426715285
ES,rastrigin,final,102,43.75481998739381
ES,rastrigin,final,103,33.73268590738131
ES,rastrigin,final,104,42.33069143712261
ES,rastrigin,final,105,40.61085333787154
ES,rastrigin,final,106,38.92987364802153
ES,rastrigin,final,107,39.839233870164726
ES,rastrigin,final,108,40.01952345378831
ES,rastrigin,final,109,44.94168886605138
ES,rastrigin,final,110,38.94550410817355
ES,rastrigin,final,111,43.42578154658372
ES,rastrigin,final,112,33.191602648142634
ES,rastrigin,final,113,45.32907484505181
ES,rastrigin,final,114,28.205687885634205
ES,rastrigin,final,115,46.621773649040776
ES,rastrigin,final,116,30.958724388266504
ES,rastrigin,final,117,44.18768973685748
ES,rastrigin,final,118,43.73729870900312
ES,rastrigin,final,119,37.20732128763872
GA,rastrigin,pilot,0,0.5482900040158682
GA,rastrigin,pilot,1,0.9821982418960431
GA,rastrigin,pilot,2,1.1598133052904984
GA,rastrigin,pilot,3,1.5775910171474834
GA,rastrigin,pilot,4,0.2779371585787658
GA,rastrigin,final,100,0.5215763090946268
GA,rastrigin,final,101,1.0720389661611023
GA,rastrigin,final,102,0.479627648436761
GA,rastrigin,final,103,0.6728020876494725
GA,rastrigin,final,104,1.1259081203925092
GA,rastrigin,final,105,1.150084846466541
GA,rastrigin,final,106,0.6553937078475514
GA,rastrigin,final,107,0.8985079640117561
GA,rastrigin,final,108,0.6007410549300403
GA,rastrigin,final,109,1.2849402724659598
GA,rastrigin,final,110,1.9192241582490652
GA,rastrigin,final,111,0.2882737784358369
GA,rastrigin,final,112,0.5420248888727173
GA,rastrigin,final,113,0.7589342484457404
GA,rastrigin,final,114,0.6574062283066411
GA,rastrigin,final,115,1.4786039622309346
GA,rastrigin,final,116,0.479566697236649
GA,rastrigin,final,117,0.516023734768396
GA,rastrigin,final,118,2.1390151384513985
GA,rastrigin,final,119,0.5441596899307513
RS,rosenbrock,pilot,0,13790.556153169255
RS,rosenbrock,pilot,1,10982.772528962572
RS,rosenbrock,pilot,2,10017.025367117023
RS,rosenbrock,pilot,3,9896.782570567197
RS,rosenbrock,pilot,4,6410.067163699115
RS,rosenbrock,final,100,16850.772712344246
RS,rosenbrock,final,101,14194.189772053163
RS,rosenbrock,final,102,7926.107351626627
RS,rosenbrock,final,103,7665.254697301303
RS,rosenbrock,final,104,13142.89978132401
RS,rosenbrock,final,105,12627.63810507645
RS,rosenbrock,final,106,9224.009065965261
RS,rosenbrock,final,107,7623.635830928746
RS,rosenbrock,final,108,10502.865734247827
RS,rosenbrock,final,109,6469.44174976365
RS,rosenbrock,final,110,9701.300448495966
RS,rosenbrock,final,111,8383.438027699785
RS,rosenbrock,final,112,5219.0087698138705
RS,rosenbrock,final,113,7812.93151670811
RS,rosenbrock,final,114,5704.244644449948
RS,rosenbrock,final,115,10448.819516918213
RS,rosenbrock,final,116,4435.851310172887
RS,rosenbrock,final,117,7603.343519487614
RS,rosenbrock,final,118,14401.459710952611
RS,rosenbrock,final,119,3874.108604067501
HC,rosenbrock,pilot,0,87.3606254510864
HC,rosenbrock,pilot,1,63.356489958158484
HC,rosenbrock,pilot,2,49.90871746865105
HC,rosenbrock,pilot,3,80.78711665358287
HC,rosenbrock,pilot,4,83.82279272542097
HC,rosenbrock,final,100,62.709333748837324
HC,rosenbrock,final,101,86.1125854601463
HC,rosenbrock,final,102,79.65271593613794
HC,rosenbrock,final,103,71.38275679576475
HC,rosenbrock,final,104,56.16415557236605
HC,rosenbrock,final,105,69.78779021843799
HC,rosenbrock,final,106,39.82439322765423
HC,rosenbrock,final,107,86.6119473237463
HC,rosenbrock,final,108,41.10632664280981
HC,rosenbrock,final,109,102.86543866593274
HC,rosenbrock,final,110,86.26339309214141
HC,rosenbrock,final,111,103.34916519795972
HC,rosenbrock,final,112,84.37462466353685
HC,rosenbrock,final,113,60.32344231466953
HC,rosenbrock,final,114,61.027363010851644
HC,rosenbrock,final,115,78.05864604776852
HC,rosenbrock,final,116,89.66337628365056
HC,rosenbrock,final,117,66.71520636094864
HC,rosenbrock,final,118,75.9787205290824
HC,rosenbrock,final,119,85.97713582252726
SA,rosenbrock,pilot,0,217.99053640606866
SA,rosenbrock,pilot,1,105.26505235313343
SA,rosenbrock,pilot,2,173.76711088264383
SA,rosenbrock,pilot,3,259.0242478482112
SA,rosenbrock,pilot,4,341.1596599928511
SA,rosenbrock,final,100,170.39592645513434
SA,rosenbrock,final,101,296.55274620521715
SA,rosenbrock,final,102,308.2743596053266
SA,rosenbrock,final,103,225.71552784828054
SA,rosenbrock,final,104,135.7835548351706
SA,rosenbrock,final,105,255.42231115449545
SA,rosenbrock,final,106,393.6431790378767
SA,rosenbrock,final,107,187.91123874061
SA,rosenbrock,final,108,131.8977030730976
SA,rosenbrock,final,109,153.5702635458797
SA,rosenbrock,final,110,360.0996891930729
SA,rosenbrock,final,111,293.26458142930187
SA,rosenbrock,final,112,155.55956391319376
SA,rosenbrock,final,113,183.58073311182216
SA,rosenbrock,final,114,201.4329528210713
SA,rosenbrock,final,115,214.50954219721444
SA,rosenbrock,final,116,335.39064287364005
SA,rosenbrock,final,117,169.59693298776367
SA,rosenbrock,final,118,135.55083636582367
SA,rosenbrock,final,119,418.2194931199622
ES,rosenbrock,pilot,0,769.9876549136159
ES,rosenbrock,pilot,1,872.455795978987
ES,rosenbrock,pilot,2,625.3575042568184
ES,rosenbrock,pilot,3,425.50636671213545
ES,rosenbrock,pilot,4,255.78104255920664
ES,rosenbrock,final,100,628.3155433970528
ES,rosenbrock,final,101,510.6416372417354
ES,rosenbrock,final,102,321.7527984031117
ES,rosenbrock,final,103,622.7707360622998
ES,rosenbrock,final,104,534.8720771610471
ES,rosenbrock,final,105,801.2925721349544
ES,rosenbrock,final,106,494.9780534806119
ES,rosenbrock,final,107,408.5637406512018
ES,rosenbrock,final,108,420.3667898319178
ES,rosenbrock,final,109,431.10856808788435
ES,rosenbrock,final,110,441.45643261856884
ES,rosenbrock,final,111,549.4692572966524
ES,rosenbrock,final,112,502.31825095263684
ES,rosenbrock,final,113,624.2979533312426
ES,rosenbrock,final,114,902.2377731511675
ES,rosenbrock,final,115,463.46589873059014
ES,rosenbrock,final,116,665.5157111059432
ES,rosenbrock,final,117,482.6286660510107
ES,rosenbrock,final,118,762.2755769196449
ES,rosenbrock,final,119,504.4817441249324
GA,rosenbrock,pilot,0,22.18345410284881
GA,rosenbrock,pilot,1,30.034511303460775
GA,rosenbrock,pilot,2,10.971920622987064
GA,rosenbrock,pilot,3,8.176661835753508
GA,rosenbrock,pilot,4,8.016376563450466
GA,rosenbrock,final,100,21.9204892330825
GA,rosenbrock,final,101,10.98404265850737
GA,rosenbrock,final,102,10.484256547231542
GA,rosenbrock,final,103,14.216223116305626
GA,rosenbrock,final,104,83.00312380114953
GA,rosenbrock,final,105,24.604686291259764
GA,rosenbrock,final,106,74.6182985602361
GA,rosenbrock,final,107,31.342596718861625
GA,rosenbrock,final,108,9.405247842993163
GA,rosenbrock,final,109,7.376915163751109
GA,rosenbrock,final,110,8.088558674668946
GA,rosenbrock,final,111,10.612389672003037
GA,rosenbrock,final,112,25.898929936469184
GA,rosenbrock,final,113,63.949299543251115
GA,rosenbrock,final,114,60.230554651206866
GA,rosenbrock,final,115,91.15409379910258
GA,rosenbrock,final,116,13.310199626968613
GA,rosenbrock,final,117,41.28118158534723
GA,rosenbrock,final,118,13.420723356226802
GA,rosenbrock,final,119,69.0370809533483
